chunk,drift,drift_info,retrained,last_retrain_chunk,accuracy_baseline,precision_attack_baseline,recall_attack_baseline,f1_attack_baseline,roc_auc_baseline,pr_auc_baseline,tn_baseline,fp_baseline,fn_baseline,tp_baseline,accuracy_mitigated,precision_attack_mitigated,recall_attack_mitigated,f1_attack_mitigated,roc_auc_mitigated,pr_auc_mitigated,tn_mitigated,fp_mitigated,fn_mitigated,tp_mitigated
2,False,"river=adwin, drift_detected=False",False,1,0.9997539413671805,0.9992132076213955,0.9999671922468718,0.9995900577526639,0.9999962722681094,0.9999312738374474,355486,120,5,152398,0.9997539413671805,0.9992132076213955,0.9999671922468718,0.9995900577526639,0.9999962692235718,0.9999312539170642,355486,120,5,152398
3,False,"river=adwin, drift_detected=False",False,1,0.9997519728981179,0.9992066562198808,0.9999671922468718,0.9995867795698572,0.9999934684150054,0.9998644721677611,355485,121,5,152398,0.9997519728981179,0.9992066562198808,0.9999671922468718,0.9995867795698572,0.9999934655365335,0.9998645064992138,355485,121,5,152398
4,False,"river=adwin, drift_detected=False",False,1,0.99982283778437,0.999642208646028,0.999955262074766,0.9997987108548526,0.9999992912635763,0.9999991893803961,284405,80,10,223514,0.99982283778437,0.999642208646028,0.999955262074766,0.9997987108548526,0.9999992891091235,0.9999991873338764,284405,80,10,223514
5,False,"river=adwin, drift_detected=False",False,1,0.9998543332893709,0.9997828299966067,0.9999660609680769,0.9998744370878907,0.9999854725456598,0.9998951080042506,213299,64,10,294636,0.9998543332893709,0.9997828299966067,0.9999660609680769,0.9998744370878907,0.9999854708118284,0.9998950967512564,213299,64,10,294636
