chunk,drift,drift_info,retrained,last_retrain_chunk,accuracy_baseline,precision_attack_baseline,recall_attack_baseline,f1_attack_baseline,roc_auc_baseline,pr_auc_baseline,tn_baseline,fp_baseline,fn_baseline,tp_baseline,accuracy_mitigated,precision_attack_mitigated,recall_attack_mitigated,f1_attack_mitigated,roc_auc_mitigated,pr_auc_mitigated,tn_mitigated,fp_mitigated,fn_mitigated,tp_mitigated
2,False,"river=adwin, drift_detected=False",False,1,0.9997578783053056,0.999393839495079,0.9999521184907748,0.9996729010485782,0.9999992048465016,0.9999988363717982,319931,114,9,187955,0.9997578783053056,0.999393839495079,0.9999521184907748,0.9996729010485782,0.9999992058272698,0.9999988375153267,319931,114,9,187955
3,False,"river=adwin, drift_detected=False",False,1,0.9997795314649938,0.9995259900547347,0.9999731572448596,0.9997495236476514,0.9999923483263253,0.9999067395271388,284379,106,6,223518,0.9997795314649938,0.9995259900547347,0.9999731572448596,0.9997495236476514,0.9999923492856072,0.9999067404554379,284379,106,6,223518
4,False,"river=adwin, drift_detected=False",False,1,0.9998602386965585,0.9997568881685576,0.9999691221027848,0.9998629938733176,0.9999994805750555,0.9999995484273382,248861,63,8,259077,0.9998602386965585,0.9997568881685576,0.9999691221027848,0.9998629938733176,0.9999994815519136,0.9999995491764968,248861,63,8,259077
5,False,"river=adwin, drift_detected=False",False,1,0.9998523648203083,0.9997794374637344,0.9999660609680769,0.9998727405077145,0.9999995161497199,0.9999996743935403,213298,65,10,294636,0.9998523648203083,0.9997794374637344,0.9999660609680769,0.9998727405077145,0.9999995170404956,0.9999996749391926,213298,65,10,294636
