chunk,drift,drift_info,retrained,last_retrain_chunk,accuracy_baseline,precision_attack_baseline,recall_attack_baseline,f1_attack_baseline,roc_auc_baseline,pr_auc_baseline,tn_baseline,fp_baseline,fn_baseline,tp_baseline,accuracy_mitigated,precision_attack_mitigated,recall_attack_mitigated,f1_attack_mitigated,roc_auc_mitigated,pr_auc_mitigated,tn_mitigated,fp_mitigated,fn_mitigated,tp_mitigated
2,False,"ks_ratio=0.000, drifted_features=0/77",False,1,0.9999166666666667,0.9998333425920782,0.9998888888888889,0.9998611149690286,0.9999352169312169,0.9990126970926405,41997,3,2,17998,0.9999166666666667,0.9998333425920782,0.9998888888888889,0.9998611149690286,0.9999351785714286,0.9990123751271672,41997,3,2,17998
3,False,"ks_ratio=0.000, drifted_features=0/77",False,1,0.99995,0.9998333611064822,1.0,0.9999166736105325,0.9999340291005291,0.9989788002282114,41997,3,0,18000,0.99995,0.9998333611064822,1.0,0.9999166736105325,0.9999340291005291,0.9989788002282114,41997,3,0,18000
4,True,"ks_ratio=0.818, drifted_features=63/77",True,3,0.99995,0.9999621197772642,0.9999242424242424,0.9999431807420595,0.99997026627886,0.9997384859070284,33599,1,2,26398,0.9999833333333333,0.9999621226468695,1.0,0.9999810609647545,0.9999999977453102,0.9999999971304492,33599,1,0,26400
5,True,"ks_ratio=0.818, drifted_features=63/77",True,4,0.9999833333333333,1.0,0.9999712643678161,0.9999856319774709,1.0,1.0,25200,0,1,34799,0.9999833333333333,1.0,0.9999712643678161,0.9999856319774709,1.0,1.0,25200,0,1,34799
