chunk,drift,drift_info,retrained,last_retrain_chunk,accuracy_baseline,precision_attack_baseline,recall_attack_baseline,f1_attack_baseline,roc_auc_baseline,pr_auc_baseline,tn_baseline,fp_baseline,fn_baseline,tp_baseline,accuracy_mitigated,precision_attack_mitigated,recall_attack_mitigated,f1_attack_mitigated,roc_auc_mitigated,pr_auc_mitigated,tn_mitigated,fp_mitigated,fn_mitigated,tp_mitigated
2,True,"ks_ratio=0.688, drifted_features=53/77",True,1,0.9999333333333333,0.9998648770381047,0.9999549549549549,0.9999099139678392,0.9999280423280423,0.9992041309952578,37797,3,1,22199,0.9999333333333333,0.9998648770381047,0.9999549549549549,0.9999099139678392,0.9999280006196672,0.9992038760089188,37797,3,1,22199
3,True,"ks_ratio=0.818, drifted_features=63/77",True,2,0.9999,0.9998863636363636,0.9998863636363636,0.9998863636363636,0.9999176576028138,0.9993229478224036,33597,3,3,26397,0.9999833333333333,1.0,0.9999621212121212,0.9999810602473531,1.0,1.0,33600,0,1,26399
4,True,"ks_ratio=0.818, drifted_features=63/77",True,3,0.9999833333333333,1.0,0.9999673213293683,0.9999836603977059,0.9999999999999999,1.0,29399,0,1,30600,1.0,1.0,1.0,1.0,1.0,1.0,29399,0,0,30601
5,True,"ks_ratio=0.805, drifted_features=62/77",True,4,0.9999833333333333,1.0,0.9999712643678161,0.9999856319774709,1.0,1.0,25200,0,1,34799,1.0,1.0,1.0,1.0,1.0,1.0,25200,0,0,34800
